(drwxr-xr-x),/images/../,undefined
/images/stealth_mode/,(drwxr-xr-x),undefined
(drwxr-xr-x),/images/browserify/,undefined
(drwxr-xr-x),undefined
/images/browserling/,(drwxr-xr-x),/images/browsers/,undefined
/images/dnode-slides/,(drwxr-xr-x),undefined
(drwxr-xr-x),/images/do_not_write_big_apps/,undefined
(drwxr-xr-x),/images/dools/,undefined
/images/furniture/,(drwxr-xr-x),undefined
(drwxr-xr-x),/images/grave/,undefined
/images/haskell-gd/,(drwxr-xr-x),undefined
(drwxr-xr-x),/images/heatwave/,undefined
(drwxr-xr-x),/images/huge/,undefined
(drwxr-xr-x),/images/hujs/,undefined
/images/hume/,(drwxr-xr-x),undefined
(drwxr-xr-x),/images/hunger_games_oakland/,undefined
/images/avatars/,(drwxr-xr-x),undefined
(drwxr-xr-x),/images/laptop-battery-hack/,undefined
(drwxr-xr-x),/images/logo/,undefined
(drwxr-xr-x),/images/math/,undefined
(drwxr-xr-x),/images/nodeconf-2011-slides/,undefined
(drwxr-xr-x),/images/npmdep/,undefined
(drwxr-xr-x),/images/penny_farthing/,(drwxr-xr-x),undefined
(drwxr-xr-x),/images/photo/,undefined
/images/pix/,undefined
(drwxr-xr-x),/images/robot-telescope/,undefined
(drwxr-xr-x),/images/rov-2010/,undefined
(drwxr-xr-x),/images/scratch/,undefined
(drwxr-xr-x),/images/screenshots/,undefined
(drwxr-xr-x),/images/sf-city-lots/,undefined
(drwxr-xr-x),undefined
/images/spaceship/,(drwxr-xr-x),/images/internet/,undefined
/images/youtube.png,(-rw-r--r--),.png
(-rw-r--r--),.svg
/images/yarnify.svg,/images/yarnify.png,(-rw-r--r--),.png
(-rw-r--r--),/images/writable.svg,.svg
/images/writable.png,(-rw-r--r--),.png
(-rw-r--r--),/images/worm.svg,.svg
/images/worm.png,(-rw-r--r--),.png
(-rw-r--r--),/images/world_map.svg,.svg
(-rw-r--r--),/images/world_map.png,.png
(-rw-r--r--),/images/wizard_sprite.svg,.svg
/images/wizard_hat_dull.png,(-rw-r--r--),.png
(-rw-r--r--),/images/wizard_hat.svg,.svg
.png
/images/wizard_hat.png,(-rw-r--r--),(-rw-r--r--),/images/wizard.svg,.svg
(-rw-r--r--),/images/wizard.png,.png
/images/why-browserling.png,(-rw-r--r--),.png
(-rw-r--r--),/images/whale.svg,.svg
(-rw-r--r--),/images/whale.png,.png
/images/websockets.svg,(-rw-r--r--),.svg
/images/websockets.png,(-rw-r--r--),.png
(-rw-r--r--),/images/virtual_mars.svg,.svg
(-rw-r--r--),/images/virtual_mars.png,.png
(-rw-r--r--),/images/vaporwave.jpg,.jpg
(-rw-r--r--),/images/upboat.svg,.svg
(-rw-r--r--),/images/upboat.png,.png
(-rw-r--r--),/images/unix_philosophy.svg,.svg
(-rw-r--r--),/images/unix_philosophy.png,.png
/images/universe-of-discord.svg,(-rw-r--r--),.svg
(-rw-r--r--),/images/universe-of-discord.png,.png
(-rw-r--r--),/images/twitter.png,.png
(-rw-r--r--),/images/trumpet.svg,.svg
(-rw-r--r--),/images/trumpet.png,.png
(-rw-r--r--),/images/triceratops.svg,.svg
(-rw-r--r--),/images/triceratops.png,.png
(-rw-r--r--),/images/tree.svg,.svg
(-rw-r--r--),/images/tree-traversal.svg,.svg
(-rw-r--r--),/images/tree-traversal.png,.png
(-rw-r--r--),/images/trampoline.png,.png
(-rw-r--r--),/images/tracer_bullet.svg,.svg
(-rw-r--r--),/images/tracer_bullet.png,.png
(-rw-r--r--),/images/through.svg,.svg
(-rw-r--r--),/images/through.png,.png
(-rw-r--r--),.svg
/images/thomas-turtle.svg,(-rw-r--r--),/images/thomas-turtle.png,.png
(-rw-r--r--),/images/thinkpad.svg,.svg
(-rw-r--r--),.png
/images/thinkpad.png,(-rw-r--r--),/images/the-robot-vote.svg,.svg
(-rw-r--r--),/images/the-robot-vote.png,.png
(-rw-r--r--),/images/testling_sticker.svg,.svg
(-rw-r--r--),/images/testling_sticker.png,.png
(-rw-r--r--),.png
/images/testling_mission_control.png,(-rw-r--r--),/images/testling_icon.png,.png
(-rw-r--r--),/images/testling_donate_5.png,.png
(-rw-r--r--),/images/testling_donate_20.png,.png
(-rw-r--r--),/images/testling_donate_10.png,.png
(-rw-r--r--),/images/testling_donate.svg,.svg
(-rw-r--r--),/images/testling_big.png,.png
(-rw-r--r--),/images/testling_badge_dnode.png,.png
(-rw-r--r--),/images/testling_badge.svg,.svg
(-rw-r--r--),/images/testling_badge.png,.png
(-rw-r--r--),/images/testling.svg,.svg
/images/testling.png,(-rw-r--r--),.png
(-rw-r--r--),.svg
/images/tape_drive.svg,(-rw-r--r--),/images/tape_drive.png,.png
(-rw-r--r--),/images/tacodb_tacostack5.png,.png
(-rw-r--r--),/images/tacodb_tacostack.png,.png
/images/tacodb_platestack5.png,(-rw-r--r--),.png
(-rw-r--r--),/images/tacodb_platestack.png,.png
(-rw-r--r--),/images/tacodb_platedb.png,.png
(-rw-r--r--),/images/tacodb_logo.png,.png
(-rw-r--r--),/images/tacodb.svg,.svg
/images/tacodb.png,(-rw-r--r--),.png
/images/taco_conf_front.svg,(-rw-r--r--),.svg
(-rw-r--r--),/images/taco_conf_date.png,.png
(-rw-r--r--),/images/taco_conf_back.svg,.svg
(-rw-r--r--),/images/taco_conf.png,.png
(-rw-r--r--),/images/taco.svg,.svg
(-rw-r--r--),/images/taco.png,.png
(-rw-r--r--),/images/t-rex.svg,.svg
(-rw-r--r--),.png
/images/t-rex.png,(-rw-r--r--),/images/swoop.svg,.svg
(-rw-r--r--),/images/swoop.png,.png
(-rw-r--r--),/images/substackistan.png,.png
(-rw-r--r--),/images/substack_pixel.svg,.svg
(-rw-r--r--),/images/substack_monochrome.png,.png
(-rw-r--r--),.jpg
/images/substack_monochrome.jpg,(-rw-r--r--),/images/substack_header_letters.png,.png
/images/substack_header.svg,(-rw-r--r--),.svg
(-rw-r--r--),.jpg
/images/substack_compute.jpg,(-rw-r--r--),/images/substack_compute.an8,.an8
(-rw-r--r--),/images/substack_angry.png,.png
/images/substack_240.png,(-rw-r--r--),.png
(-rw-r--r--),/images/substack.svg,.svg
(-rw-r--r--),/images/substack.png,.png
(-rw-r--r--),/images/substack.gif,.gif
(-rw-r--r--),/images/soundcloud.png,.png
(-rw-r--r--),/images/sound_of_a_voice.svg,.svg
/images/sound_of_a_voice.png,(-rw-r--r--),.png
(-rw-r--r--),/images/sky_cake.svg,.svg
(-rw-r--r--),/images/sky_cake.png,.png
(-rw-r--r--),/images/singsong.png,.png
(-rw-r--r--),.png
/images/sillyscope_spectrogram.png,(-rw-r--r--),.svg
/images/shoe.svg,/images/shoe.png,(-rw-r--r--),.png
(-rw-r--r--),/images/shader_emulation_taurus.png,.png
/images/sesame.svg,(-rw-r--r--),.svg
(-rw-r--r--),/images/sesame.png,.png
(-rw-r--r--),/images/separation_of_concerns.svg,.svg
/images/separation_of_concerns.png,(-rw-r--r--),.png
(-rw-r--r--),/images/self_big.jpg,.jpg
(-rw-r--r--),/images/self.svg,.svg
(-rw-r--r--),/images/self.png,.png
(-rw-r--r--),/images/self.jpg,.jpg
(-rw-r--r--),.svg
/images/secure_peer_logo.svg,(-rw-r--r--),/images/secure_peer_logo.png,.png
(-rw-r--r--),/images/seaport_logo.svg,.svg
/images/seaport_logo.png,(-rw-r--r--),.png
(-rw-r--r--),.svg
/images/seaport.svg,(-rw-r--r--),/images/seaport.png,.png
(-rw-r--r--),/images/scuttlebutt.svg,.svg
(-rw-r--r--),/images/scuttlebutt.png,.png
(-rw-r--r--),/images/school_of_fish.svg,.svg
(-rw-r--r--),/images/school_of_fish.png,.png
(-rw-r--r--),/images/saucer_pending.svg,.svg
(-rw-r--r--),/images/saucer_pending.gif,.gif
(-rw-r--r--),.png
/images/saucer_landing.png,(-rw-r--r--),/images/safe_harbor_claus.svg,.svg
(-rw-r--r--),.png
/images/safe_harbor_claus.png,/images/rov.svg,(-rw-r--r--),.svg
(-rw-r--r--),/images/rov.png,.png
(-rw-r--r--),/images/ross_mural.png,.png
/images/robot_telescope.svg,(-rw-r--r--),.svg
(-rw-r--r--),/images/robot_telescope.png,.png
/images/robot_recycling.jpg,(-rw-r--r--),.jpg
(-rw-r--r--),/images/robot.svg,.svg
/images/robot.png,(-rw-r--r--),.png
(-rw-r--r--),/images/robokit.svg,.svg
(-rw-r--r--),/images/robokit.png,.png
(-rw-r--r--),/images/right.png,.png
/images/readable.svg,.svg
(-rw-r--r--),(-rw-r--r--),.png
/images/readable.png,(-rw-r--r--),.svg
/images/raptor.svg,(-rw-r--r--),/images/raptor.png,.png
/images/queue.png,(-rw-r--r--),.png
(-rw-r--r--),/images/quacks_like_a_duck.svg,.svg
(-rw-r--r--),/images/quacks_like_a_duck.png,.png
(-rw-r--r--),/images/pushover_logo.png,.png
/images/pushover.svg,(-rw-r--r--),.svg
(-rw-r--r--),/images/pushover.png,.png
(-rw-r--r--),/images/printable_pixels.svg,.svg
(-rw-r--r--),/images/printable.svg,.svg
(-rw-r--r--),/images/pony.svg,.svg
/images/pony.png,(-rw-r--r--),.png
(-rw-r--r--),/images/polar_bear.svg,.svg
/images/polar_bear.png,(-rw-r--r--),.png
/images/ploy.svg,(-rw-r--r--),.svg
(-rw-r--r--),/images/ploy.png,.png
(-rw-r--r--),/images/pending_badge.png,.png
(-rw-r--r--),/images/pause_stream.svg,.svg
(-rw-r--r--),/images/pause_stream.png,.png
(-rw-r--r--),/images/pascal.svg,.svg
(-rw-r--r--),.png
/images/pascal.png,(-rw-r--r--),/images/outline.png,.png
(-rw-r--r--),/images/oscilloscope.svg,.svg
/images/oscilloscope.png,(-rw-r--r--),.png
(-rw-r--r--),/images/optimistic.svg,.svg
(-rw-r--r--),/images/optimistic.png,.png
(-rw-r--r--),.svg
/images/optimist_logo.svg,(-rw-r--r--),/images/optimist_logo.png,.png
(-rw-r--r--),/images/only-a-dream.svg,.svg
/images/only-a-dream.png,(-rw-r--r--),.png
/images/ogdenius_maximus.svg,(-rw-r--r--),.svg
(-rw-r--r--),/images/ogdenius_maximus.png,.png
(-rw-r--r--),/images/octopus.an8,.an8
(-rw-r--r--),/images/oakland.svg,.svg
(-rw-r--r--),/images/oakland.png,.png
(-rw-r--r--),/images/oakjs.svg,.svg
(-rw-r--r--),/images/oakjs.png,.png
(-rw-r--r--),.svg
/images/oak_coffee.svg,(-rw-r--r--),/images/oak_coffee.png,.png
/images/npmtop.svg,(-rw-r--r--),.svg
(-rw-r--r--),/images/npmtop.png,.png
(-rw-r--r--),/images/npm.png,.png
/images/node_turtle_solid.svg,(-rw-r--r--),.svg
/images/node_turtle_solid.png,(-rw-r--r--),.png
(-rw-r--r--),.svg
/images/node_turtle_plume.svg,(-rw-r--r--),/images/node_turtle_plume.png,.png
/images/node_turtle.svg,(-rw-r--r--),.svg
(-rw-r--r--),/images/node_turtle.png,.png
(-rw-r--r--),/images/no_earthquakes.png,.png
(-rw-r--r--),/images/nesting-robots.svg,.svg
(-rw-r--r--),/images/nesting-robots.png,.png
(-rw-r--r--),/images/mux_demux.svg,.svg
/images/mux_demux.png,(-rw-r--r--),.png
(-rw-r--r--),/images/music.svg,.svg
(-rw-r--r--),/images/music.png,.png
(-rw-r--r--),/images/mushroom_cloud.svg,.svg
(-rw-r--r--),/images/mushroom_cloud.png,.png
(-rw-r--r--),/images/multimeter.svg,.svg
(-rw-r--r--),/images/multimeter.png,.png
/images/mrcolor.svg,(-rw-r--r--),.svg
(-rw-r--r--),/images/mrcolor.png,.png
(-rw-r--r--),.png
/images/mountie_equation.png,(-rw-r--r--),/images/mountie.svg,.svg
/images/mountie.png,(-rw-r--r--),.png
(-rw-r--r--),.svg
/images/monster_0.svg,(-rw-r--r--),/images/modularity.png,.png
(-rw-r--r--),/images/mind_explosion_silly.png,.png
(-rw-r--r--),/images/mind_explosion.svg,.svg
(-rw-r--r--),/images/mind_explosion.png,.png
(-rw-r--r--),/images/microwave.png,.png
(-rw-r--r--),/images/method-chain.svg,.svg
(-rw-r--r--),/images/method-chain.png,.png
/images/message-passing.svg,(-rw-r--r--),.svg
(-rw-r--r--),.png
/images/message-passing.png,(-rw-r--r--),/images/mechanical_bull.svg,.svg
/images/mechanical_bull.png,(-rw-r--r--),.png
/images/mcilroy.svg,(-rw-r--r--),.svg
(-rw-r--r--),/images/mcilroy.png,.png
(-rw-r--r--),/images/maxwell-equations.jpg,.jpg
(-rw-r--r--),/images/max_fish.png,.png
(-rw-r--r--),.svg
/images/max.svg,(-rw-r--r--),/images/max.png,.png
(-rw-r--r--),/images/max.gif,.gif
(-rw-r--r--),/images/marley.svg,.svg
(-rw-r--r--),.png
/images/marley.png,(-rw-r--r--),/images/malicious-user.svg,.svg
(-rw-r--r--),/images/malicious-user.png,.png
(-rw-r--r--),/images/malicious-attack.svg,.svg
(-rw-r--r--),/images/malicious-attack.png,.png
(-rw-r--r--),/images/mad_science_%E7%96%AF%E7%8B%82%E7%A7%91%E5%AD%A6.svg,.svg
/images/mad_science_%E7%96%AF%E7%8B%82%E7%A7%91%E5%AD%A6.png,(-rw-r--r--),.png
(-rw-r--r--),/images/mad_science.svg,.svg
(-rw-r--r--),/images/mad_science.png,.png
(-rw-r--r--),/images/leveldb.svg,.svg
(-rw-r--r--),/images/leveldb.png,.png
(-rw-r--r--),/images/level_party.svg,.svg
(-rw-r--r--),.png
/images/level_party.png,(-rw-r--r--),.svg
/images/lettuce.svg,(-rw-r--r--),/images/lettuce.png,.png
/images/left.png,(-rw-r--r--),.png
(-rw-r--r--),/images/lebron.svg,.svg
(-rw-r--r--),/images/lebron.png,.png
/images/lazorse.svg,(-rw-r--r--),.svg
(-rw-r--r--),/images/lazorse.png,.png
(-rw-r--r--),/images/lanyrd.png,.png
(-rw-r--r--),/images/lambdaphant.svg,.svg
(-rw-r--r--),/images/lambdaphant.png,.png
/images/kernighan.svg,(-rw-r--r--),.svg
(-rw-r--r--),/images/kernighan.png,.png
(-rw-r--r--),/images/keeping_it_surrealtime.svg,.svg
(-rw-r--r--),/images/keeping_it_surrealtime.png,.png
(-rw-r--r--),/images/jumping.png,.png
(-rw-r--r--),/images/isaacs.svg,.svg
/images/isaacs.png,(-rw-r--r--),.png
(-rw-r--r--),/images/iphone_safari.png,.png
(-rw-r--r--),/images/iphone.png,.png
(-rw-r--r--),.png
/images/ipad_safari.png,(-rw-r--r--),/images/ipad.png,.png
(-rw-r--r--),/images/ios_safari.png,.png
/images/interplanetary-brotherhood-of-robots.svg,(-rw-r--r--),.svg
/images/interplanetary-brotherhood-of-robots.png,.png
(-rw-r--r--),(-rw-r--r--),.svg
/images/internal-error.svg,(-rw-r--r--),/images/internal-error.png,.png
(-rw-r--r--),/images/ieee.png,.png
(-rw-r--r--),/images/icebreaker.svg,.svg
/images/icebreaker.png,(-rw-r--r--),.png
(-rw-r--r--),/images/hyperspace.svg,.svg
(-rw-r--r--),/images/hyperspace.png,.png
(-rw-r--r--),/images/hunger_games_oakland.svg,.svg
(-rw-r--r--),/images/hunger_games_oakland.png,.png
(-rw-r--r--),/images/html5.svg,.svg
(-rw-r--r--),/images/html5.png,.png
/images/ht_in_et_draft2.png,(-rw-r--r--),.png
(-rw-r--r--),/images/ht_in_et_draft1.png,.png
/images/ht_in_et_draft0.png,(-rw-r--r--),.png
/images/ht_in_et.svg,(-rw-r--r--),.svg
(-rw-r--r--),/images/ht_in_et.png,.png
/images/hookio.svg,(-rw-r--r--),.svg
(-rw-r--r--),/images/hookio.png,.png
(-rw-r--r--),/images/hjkl.svg,.svg
(-rw-r--r--),/images/hjkl.png,.png
(-rw-r--r--),/images/heatwave.png,.png
(-rw-r--r--),.png
/images/heatmap.png,(-rw-r--r--),/images/hat.svg,.svg
(-rw-r--r--),/images/hat.png,.png
(-rw-r--r--),/images/harnessing_streams.svg,.svg
(-rw-r--r--),/images/harnessing_streams.png,.png
(-rw-r--r--),/images/halliday.svg,.svg
/images/halliday.png,(-rw-r--r--),.png
(-rw-r--r--),/images/gossip_protocol.svg,.svg
(-rw-r--r--),/images/gossip_protocol.png,.png
(-rw-r--r--),/images/gittip.png,.png
.png
(-rw-r--r--),/images/gitorious.png,/images/github_request.png,(-rw-r--r--),.png
(-rw-r--r--),/images/github.png,.png
/images/funny-papers.svg,(-rw-r--r--),.svg
(-rw-r--r--),/images/funny-papers.png,.png
(-rw-r--r--),/images/freestyle_streams.svg,.svg
/images/freestyle_streams.png,(-rw-r--r--),.png
(-rw-r--r--),/images/fleet.svg,.svg
(-rw-r--r--),/images/fleet.png,.png
(-rw-r--r--),/images/felidae.svg,.svg
(-rw-r--r--),/images/felidae.png,.png
(-rw-r--r--),/images/feed.png,.png
(-rw-r--r--),/images/favicon.svg,.svg
(-rw-r--r--),/images/favicon.png,.png
(-rw-r--r--),/images/falafel_logo.svg,.svg
(-rw-r--r--),/images/falafel_logo.png,.png
(-rw-r--r--),/images/falafel.svg,.svg
(-rw-r--r--),/images/falafel.png,.png
/images/facebook.png,.png
(-rw-r--r--),(-rw-r--r--),/images/exterminate.svg,.svg
(-rw-r--r--),.png
/images/exterminate.png,(-rw-r--r--),/images/ent.svg,.svg
(-rw-r--r--),/images/ent.png,.png
(-rw-r--r--),/images/emit_stream_1.png,.png
(-rw-r--r--),/images/emit_stream_0.png,.png
(-rw-r--r--),/images/emit_stream.svg,.svg
(-rw-r--r--),.gif
/images/emit_stream.gif,(-rw-r--r--),/images/duplexer.svg,.svg
(-rw-r--r--),/images/duplexer.png,.png
(-rw-r--r--),/images/duplex_streams.svg,.svg
(-rw-r--r--),/images/duplex_streams.png,.png
(-rw-r--r--),.svg
/images/duplex_shirt.svg,(-rw-r--r--),/images/duplex_shirt.png,.png
(-rw-r--r--),/images/duck.svg,.svg
(-rw-r--r--),/images/duck.png,.png
(-rw-r--r--),/images/dtrace_pony.svg,.svg
(-rw-r--r--),.png
/images/dtrace_pony.png,(-rw-r--r--),/images/dtrace_pony.eps,.eps
(-rw-r--r--),/images/dreamhosted.svg,.svg
(-rw-r--r--),/images/dreamhosted.png,.png
(-rw-r--r--),/images/draw_oakland.svg,.svg
(-rw-r--r--),/images/draw_oakland.png,.png
(-rw-r--r--),/images/document.png,.png
(-rw-r--r--),.svg
/images/dnode_logo.svg,(-rw-r--r--),/images/dnode_logo.png,.png
(-rw-r--r--),/images/dnode_freestyle.png,.png
(-rw-r--r--),/images/dnode.svg,.svg
/images/dnode.png,(-rw-r--r--),.png
(-rw-r--r--),/images/dismantle_all_the_standards_bodies.svg,.svg
(-rw-r--r--),/images/dismantle_all_the_standards_bodies.png,.png
(-rw-r--r--),/images/dijkstra-folk-wisdom.svg,.svg
(-rw-r--r--),/images/dijkstra-folk-wisdom.png,.png
/images/created_by_browserling_banner.svg,(-rw-r--r--),.svg
(-rw-r--r--),/images/created_by_browserling_banner.png,.png
(-rw-r--r--),/images/crane.svg,.svg
(-rw-r--r--),/images/crane.png,.png
/images/couchdb.svg,(-rw-r--r--),.svg
(-rw-r--r--),/images/couchdb.png,.png
(-rw-r--r--),/images/coronation.svg,.svg
/images/coronation.png,(-rw-r--r--),.png
(-rw-r--r--),.svg
/images/copter.svg,(-rw-r--r--),/images/copter.png,.png
(-rw-r--r--),/images/compute.png,.png
(-rw-r--r--),.svg
/images/code_coverage.svg,(-rw-r--r--),/images/code_coverage.png,.png
(-rw-r--r--),/images/clown.svg,.svg
/images/clown.png,(-rw-r--r--),.png
/images/clocker.svg,(-rw-r--r--),.svg
(-rw-r--r--),/images/clocker.png,.png
(-rw-r--r--),/images/cipherhub.svg,.svg
(-rw-r--r--),/images/cipherhub.png,.png
(-rw-r--r--),.svg
/images/charms.svg,(-rw-r--r--),/images/charms.png,.png
/images/chainsaw.svg,(-rw-r--r--),.svg
(-rw-r--r--),/images/chainsaw.png,.png
(-rw-r--r--),/images/cat-on-keys.png,.png
(-rw-r--r--),.jpg
/images/cassette_robot.jpg,(-rw-r--r--),/images/cassette_bot.an8,.an8
(-rw-r--r--),/images/cash_register.svg,.svg
/images/cash_register.png,(-rw-r--r--),.png
(-rw-r--r--),/images/cannon.svg,.svg
(-rw-r--r--),/images/cannon.png,.png
(-rw-r--r--),/images/california_roll.svg,.svg
(-rw-r--r--),/images/california_roll.png,.png
(-rw-r--r--),/images/burrito.svg,.svg
(-rw-r--r--),/images/burrito.png,.png
(-rw-r--r--),/images/bug.png,.png
(-rw-r--r--),/images/browsers.svg,.svg
(-rw-r--r--),.png
/images/browserling_map.png,(-rw-r--r--),/images/browserling_icon.png,.png
(-rw-r--r--),/images/browserling-tshirt.svg,.svg
(-rw-r--r--),/images/browserling-tshirt.png,.png
(-rw-r--r--),/images/browserify_logo.svg,.svg
(-rw-r--r--),/images/browserify_logo.png,.png
(-rw-r--r--),/images/browserify.svg,.svg
(-rw-r--r--),/images/browserify.png,.png
(-rw-r--r--),/images/brain.svg,.png
(-rw-r--r--),.svg
(-rw-r--r--),/images/brain.png,/images/bouncy.svg,(-rw-r--r--),.svg
/images/bouncy.png,.png
.svg
/images/binary-stream.svg,(-rw-r--r--),(-rw-r--r--),/images/binary-stream.png,.png
(-rw-r--r--),/images/ben.svg,.svg
(-rw-r--r--),/images/ben.png,.png
(-rw-r--r--),/images/bed.svg,.svg
(-rw-r--r--),.png
/images/bed.png,(-rw-r--r--),.png
/images/bb.png,(-rw-r--r--),/images/baudio_logo.svg,.svg
(-rw-r--r--),/images/baudio_logo.png,.png
(-rw-r--r--),/images/badge.png,.png
/images/arrows.svg,(-rw-r--r--),.svg
(-rw-r--r--),/images/apatosaur.svg,.svg
(-rw-r--r--),/images/apatosaur.png,.png
(-rw-r--r--),/images/anyone-can-hack.jpg,.jpg
/images/android_chrome.png,(-rw-r--r--),.png
/images/all_the_way_down.svg,(-rw-r--r--),.svg
(-rw-r--r--),/images/all_the_way_down.png,.png
(-rw-r--r--),/images/all_the_concerns.png,.png
(-rw-r--r--),/images/airport.svg,.svg
(-rw-r--r--),.png
/images/airport.png,(-rw-r--r--),/images/agu.svg,.svg
(-rw-r--r--),/images/a_pipe_b_pipe_a.svg,.svg
(-rw-r--r--),/images/a_pipe_b_pipe_a.png,.png
(-rw-r--r--),/images/a_browser_in_your_browser.png,.png
(-rw-r--r--),undefined
/images/LICENSE,(-rw-r--r--),/images/1up_upvote.png,.png
(-rw-r--r--),.svg
/images/1up.svg,(-rw-r--r--),/images/1up.png,.png
